group,rank,gene,score,p_value,p_value_adj_BH,mean_logcounts_group,mean_logcounts_rest,mean_log2_expression_difference,pct_cells_expressing_group,pct_cells_expressing_rest,n_cells_group,n_cells_rest,is_mitochondrial,is_ribosomal
B cell,1,CD79A,648.8556353163272,0.0,0.0,2.8472795726043643,0.0211928949389437,4.0771812349902685,98.06220923526472,1.7700343341368985,26009,547560,False,False
B cell,2,CD74,608.5779838687829,0.0,0.0,4.732251157514127,1.5624574151159276,4.57304571279875,99.95386212464916,65.07560815253123,26009,547560,False,False
B cell,3,HLA-DRA,560.8325557677689,0.0,0.0,3.796099547470943,0.6959727614606107,4.472537540304146,98.43900188396324,26.267623639418517,26009,547560,False,False
B cell,4,HLA-DPA1,433.803138555412,0.0,0.0,2.9401370803334377,0.7991986407867213,3.088721269582604,98.23138144488446,37.91383592665644,26009,547560,False,False
B cell,5,HLA-DRB1,423.1480868587213,0.0,0.0,3.080817464676063,0.7704485597948565,3.3331577616961825,98.10834711061555,32.941778069983194,26009,547560,False,False
B cell,6,HLA-DPB1,406.3330571690671,0.0,0.0,2.990333474010663,0.8615990910897573,3.071114537609818,97.63543388826945,41.29136532982687,26009,547560,False,False
B cell,7,MS4A1,347.7700481446494,0.0,0.0,2.154424013583018,0.0344583346059738,3.058463971914985,89.02303048944596,2.5001826283877566,26009,547560,False,False
B cell,8,HLA-DQB1,325.4332842841219,0.0,0.0,2.273757491748007,0.4018270845093282,2.7006247154125,92.19116459687032,20.925012783987142,26009,547560,False,False
B cell,9,CD79B,299.2621860922072,0.0,0.0,1.823945633255452,0.1085250471246075,2.4748287726498086,87.16982582952055,8.85985097523559,26009,547560,False,False
B cell,10,HLA-DQA1,292.3485670265687,0.0,0.0,2.0356941017379,0.2746688385013769,2.540622414151513,88.42708293283094,13.328767623639418,26009,547560,False,False
B cell,11,CD37,275.51358319864937,0.0,0.0,3.0184844920285605,1.565794991244057,2.095787938733267,97.62389941943174,82.61542114106216,26009,547560,False,False
B cell,12,BANK1,255.8151651356,0.0,0.0,1.497276147038436,0.0109003175694488,2.1443870380721277,77.48087200584412,1.1953027978669004,26009,547560,False,False
B cell,13,LINC00926,236.57196859795891,0.0,0.0,1.4598867524487993,0.0039568351416393,2.1004628715809184,74.7894959437118,0.3669004310029951,26009,547560,False,False
B cell,14,IGHM,228.31042431617828,0.0,0.0,2.158167130916652,0.026427385784548,3.0754503587679896,73.94747971855897,2.0406896047921688,26009,547560,False,False
B cell,15,HLA-DMA,200.5450910441246,0.0,0.0,1.4464379589401355,0.3199805681874313,1.625134491411648,78.66507747318236,18.133903133903136,26009,547560,False,False
B cell,16,MEF2C,197.0496731828181,0.0,0.0,1.3394419241082585,0.1594568959225842,1.702358548486696,73.25925641124226,10.327635327635328,26009,547560,False,False
B cell,17,HLA-DRB5,186.2749260189256,0.0,0.0,1.691817773489397,0.3418962568004712,1.9475250777164217,75.85451189972702,17.45963912630579,26009,547560,False,False
B cell,18,RALGPS2,176.2568212946697,0.0,0.0,1.0407747766571136,0.0293665018416841,1.459153702390282,61.48256372794033,2.623639418511213,26009,547560,False,False
B cell,19,IGKC,159.2793149148506,0.0,0.0,2.3361625153020364,0.1584287876892688,3.141805649203577,64.93521473336152,10.229746511797794,26009,547560,False,False
B cell,20,HVCN1,158.11023734687723,0.0,0.0,1.0205051247374106,0.0898357789677316,1.342672049849292,59.16029066861472,7.866169917451969,26009,547560,False,False
B cell,21,HLA-DMB,155.0090680369121,0.0,0.0,1.0685171342432134,0.1955699653344879,1.2593965515426784,63.48956130570187,12.430053327489226,26009,547560,False,False
B cell,22,SNX2,154.6663904720042,0.0,0.0,1.1181510180638532,0.2764079943750664,1.214378485978694,68.04952131954323,22.382752575060263,26009,547560,False,False
B cell,23,RPS11,153.88931186973684,0.0,0.0,3.192612920126673,2.483735565529276,1.0226938440761526,98.93882886693068,94.01106728029804,26009,547560,False,True
B cell,24,RPS5,152.92740651851997,0.0,0.0,3.551328780434534,3.130358083212676,0.607332337241544,99.86543119689338,98.31324421068012,26009,547560,False,True
B cell,25,RPL8,152.29997620756666,0.0,0.0,3.8064309973652826,3.421593423482962,0.5552032593877637,99.96539659348689,99.15296953758492,26009,547560,False,True
B cell,26,NCF1,150.3742415310182,0.0,0.0,1.2883704797912447,0.4113570128365979,1.2652629795683057,72.75173978238301,27.799693184308573,26009,547560,False,False
B cell,27,RPL18A,149.88384490693295,0.0,0.0,4.242941439390845,3.890288347938321,0.5087708661927183,99.99615517705408,99.48571846007744,26009,547560,False,True
B cell,28,TNFRSF13C,149.3202905621494,0.0,0.0,0.8317599375511034,0.0156581398484986,1.1773860164061158,51.29378292129647,1.4002118489297977,26009,547560,False,False
B cell,29,MARCH1,147.4937526697327,0.0,0.0,0.9297199012466084,0.1094080785305216,1.1834597986150848,56.34203544926756,8.334794360435387,26009,547560,False,False
B cell,30,SWAP70,145.57058210974006,0.0,0.0,0.7941200509017285,0.0481478103572379,1.0762104520743654,52.57410896228228,4.586164073343561,26009,547560,False,False
B cell,31,PDLIM1,144.94289565914593,0.0,0.0,0.7409081257159604,0.0419016155670573,1.0084532257409236,51.50909300626706,3.381364599313317,26009,547560,False,False
B cell,32,BLK,142.38929134630618,0.0,0.0,0.7298017009888411,0.0101703491307739,1.0382085825938543,48.42938982659849,0.8232887720067207,26009,547560,False,False
B cell,33,TCL1A,140.47606292531552,0.0,0.0,1.1468599178827616,0.0089588773337091,1.6416441882225092,46.59540928140259,0.4328292789831252,26009,547560,False,False
B cell,34,CD22,136.00379917789417,0.0,0.0,0.7086966668513618,0.0032023356224484,1.017813173039229,45.48041062709062,0.3301921250639199,26009,547560,False,False
B cell,35,IRF8,134.13359808977893,0.0,0.0,0.7722904984112791,0.0647060548865725,1.020828567683271,49.375216271290704,4.864124479509095,26009,547560,False,False
B cell,36,ADAM28,129.8201112529988,0.0,0.0,0.7148465919986702,0.037101260918975,0.9777798281343248,46.33396132108116,3.4840017532325227,26009,547560,False,False
B cell,37,FCRLA,129.16655317972436,0.0,0.0,0.6495582615617146,0.0012769027096411,0.935272301516645,42.75443115844516,0.1232741617357002,26009,547560,False,False
B cell,38,CD40,128.31888847901985,0.0,0.0,0.6415519085255135,0.0204009531096117,0.896131403021963,44.1885501172671,1.9877273723427569,26009,547560,False,False
B cell,39,BCL11A,127.79177585529858,0.0,0.0,0.6792476968370363,0.0328355955536417,0.9325755328921675,44.542273828290206,2.6630871502666373,26009,547560,False,False
B cell,40,AFF3,126.06288287796832,0.0,0.0,0.7415604729575066,0.0334080279722458,1.0216480205736302,44.6383944019378,3.1280590254949234,26009,547560,False,False
B cell,41,POU2F2,125.18596848499864,0.0,0.0,1.0118263984347813,0.3041850232217712,1.0209107027476558,61.217270944673,21.94371393089342,26009,547560,False,False
B cell,42,PLPP5,124.74624495697964,0.0,0.0,0.8037454501393979,0.0933859888811168,1.024832072005878,48.38709677419355,7.857769011615165,26009,547560,False,False
B cell,43,GNG7,124.6494406561369,0.0,0.0,0.6126568047696239,0.0293425920148967,0.8415445220212946,43.36191318389788,2.830557381839433,26009,547560,False,False
B cell,44,TCF4,124.27150542553528,0.0,0.0,0.68962192109932,0.0669627355281664,0.898307319187464,46.56080587488946,5.0916794506538094,26009,547560,False,False
B cell,45,CXXC5,124.0557161548264,0.0,0.0,0.7002003938176475,0.0886410003521574,0.882293704161725,47.9833903648737,6.883263934545986,26009,547560,False,False
B cell,46,CD52,124.0535693228947,0.0,0.0,2.982992135454152,2.406900288959757,0.8311248500340296,98.55819139528624,89.30345532909637,26009,547560,False,False
B cell,47,CD19,122.87661050083376,0.0,0.0,0.5929663507588518,0.0012775845337865,0.8536264487826111,40.65515782998193,0.1316750675725034,26009,547560,False,False
B cell,48,LAPTM5,121.9304190175341,0.0,0.0,2.1934069295268133,1.5343673325813212,0.9507931582627228,93.50993886731516,80.55701658265761,26009,547560,False,False
B cell,49,HLA-DOB,121.38118013412864,0.0,0.0,0.5797027683087389,0.0071849269275114,0.825968650581151,39.955400053827525,0.7769011615165461,26009,547560,False,False
B cell,50,EAF2,121.33639247958445,0.0,0.0,0.6532400482343445,0.0464657160548293,0.875390319974099,43.20043062016994,4.452297465117978,26009,547560,False,False
Myeloid cell,1,TYROBP,1223.7173302887977,0.0,0.0,3.286945834122476,0.3208790405172794,4.279129854079646,99.123504883134,13.594519289345172,72904,500665,False,False
Myeloid cell,2,CST3,887.4436722498048,0.0,0.0,3.472602043574752,0.1001776488914724,4.865379949982532,95.91654778887305,6.730049034783738,72904,500665,False,False
Myeloid cell,3,AIF1,810.9571303825145,0.0,0.0,2.555415758888927,0.1309930006641034,3.497702690309295,95.9919894655986,9.653960232890256,72904,500665,False,False
Myeloid cell,4,FCER1G,776.3807544541698,0.0,0.0,2.5914891627314587,0.2058627656561095,3.441731372474412,95.53659607154614,10.00808924130906,72904,500665,False,False
Myeloid cell,5,FTL,715.8968175179944,0.0,0.0,4.753048178076457,2.887706237043537,2.691119567890388,99.94650499286732,98.43468187310876,72904,500665,False,False
Myeloid cell,6,LST1,637.3903196572892,0.0,0.0,2.238535421323155,0.1135077735857768,3.0657668491426557,94.25408756721168,9.046967533180869,72904,500665,False,False
Myeloid cell,7,FTH1,631.4924708085218,0.0,0.0,4.664167924524717,2.73523975306955,2.7828551071893863,99.75858663447822,96.41237154584402,72904,500665,False,False
Myeloid cell,8,HLA-DRA,620.1516525637292,0.0,0.0,3.551578661258476,0.4412038142773228,4.487322367045478,94.73691429825524,20.046737838674563,72904,500665,False,False
Myeloid cell,9,PSAP,557.6866578419031,0.0,0.0,2.4942316806761307,0.4635187187408681,2.9296995196529414,93.46126412816857,32.86468996235008,72904,500665,False,False
Myeloid cell,10,LYZ,553.9328862723805,0.0,0.0,3.3106466696042616,0.0750490086626662,4.66798069975237,93.08817074508944,5.8550128329322,72904,500665,False,False
Myeloid cell,11,S100A11,498.3872577730317,0.0,0.0,2.8111506464115905,1.2840367612315744,2.2031596290218878,97.7271480302864,66.1100736021092,72904,500665,False,False
Myeloid cell,12,CD74,490.7891217287257,0.0,0.0,4.021491429470118,1.3690541407978842,3.8266581226364,96.18813782508504,62.35706510341246,72904,500665,False,False
Myeloid cell,13,HLA-DRB1,483.517921814407,0.0,0.0,3.064405107709959,0.5564367488591064,3.618233514020557,92.01827060243608,27.724726114268023,72904,500665,False,False
Myeloid cell,14,SAT1,479.3198489885291,0.0,0.0,2.6851638614650466,0.654923249299126,2.9290180629831477,95.64358608581148,43.31059690611487,72904,500665,False,False
Myeloid cell,15,CTSS,473.2495243234417,0.0,0.0,2.4307982435472084,0.4226079080242215,2.897206238220157,92.74388236585098,30.92786593830205,72904,500665,False,False
Myeloid cell,16,GRN,447.8704185532672,0.0,0.0,1.5729417449244605,0.1233767358927895,2.0912802499761574,82.75677603423681,9.348366672325808,72904,500665,False,False
Myeloid cell,17,NPC2,446.9093629260688,0.0,0.0,1.8401237150575696,0.3468214779508033,2.1543797320223272,87.9046417206189,25.15793993987996,72904,500665,False,False
Myeloid cell,18,MS4A6A,431.183220595522,0.0,0.0,1.6421248104303514,0.0250884774051747,2.3328902985926967,78.89141885218918,1.615451449572069,72904,500665,False,False
Myeloid cell,19,SPI1,430.0442592801652,0.0,0.0,1.4941084849742103,0.0268054150781061,2.116870862420262,79.47849226379897,2.0800335553713563,72904,500665,False,False
Myeloid cell,20,SRGN,422.3720836878689,0.0,0.0,2.7600927163136486,1.2207460023632322,2.2208078704249874,97.1620212882695,65.20687485644093,72904,500665,False,False
Myeloid cell,21,SERPINA1,407.1032850003268,0.0,0.0,1.5037944294958567,0.0074689195591755,2.1587413927412995,78.28925710523428,0.6093895119491077,72904,500665,False,False
Myeloid cell,22,FGL2,399.27066648026863,0.0,0.0,1.398536585522082,0.0549378018096898,1.9384033022063112,78.58279381103918,4.393756304115526,72904,500665,False,False
Myeloid cell,23,FCGRT,396.8163765080215,0.0,0.0,1.3216206329122768,0.1204852359936265,1.7328720805707334,78.84478217930429,9.735651583394086,72904,500665,False,False
Myeloid cell,24,MNDA,391.0875746989089,0.0,0.0,1.6522349507266132,0.0171409716340155,2.358941975024293,79.68287062438276,1.3402175107107548,72904,500665,False,False
Myeloid cell,25,RNF130,387.2012684589735,0.0,0.0,1.2631761968655555,0.0946165536915254,1.68587520219015,77.24541863272249,7.387175057173959,72904,500665,False,False
Myeloid cell,26,AP1S2,385.0522471673889,0.0,0.0,1.55078844944275,0.2549303670404681,1.8695280291776537,82.78420937122792,19.553194251645312,72904,500665,False,False
Myeloid cell,27,HLA-DPA1,384.5613534539219,0.0,0.0,2.828420940038744,0.614934203227677,3.1933863382708205,86.8237682431691,33.925279378426694,72904,500665,False,False
Myeloid cell,28,CD68,380.7567594741728,0.0,0.0,1.292792081408079,0.0249831494008182,1.8290616590016084,75.10561834741578,1.7904187430717144,72904,500665,False,False
Myeloid cell,29,FOS,374.0882974233667,0.0,0.0,2.004381376364632,0.2269604198720852,2.5642763995039157,82.83770437836058,12.81675371755565,72904,500665,False,False
Myeloid cell,30,CYBB,373.7476558495361,0.0,0.0,1.3448536583735002,0.0338343234833623,1.8914010929555491,74.95747832766378,2.4761067779852795,72904,500665,False,False
Myeloid cell,31,TYMP,368.84684535638667,0.0,0.0,1.5181805299540134,0.157332763911415,1.963288323474481,79.46614726215296,12.129467807815605,72904,500665,False,False
Myeloid cell,32,CD14,367.455122699677,0.0,0.0,1.7414282617916954,0.0127830008385821,2.4939079454332647,73.56112147481619,1.0268343103672115,72904,500665,False,False
Myeloid cell,33,OAZ1,365.3564788897408,0.0,0.0,2.777109409487862,1.8237364116475,1.375426496101735,97.83688137825084,88.35309038978158,72904,500665,False,False
Myeloid cell,34,CLEC7A,360.5339466942745,0.0,0.0,1.1578071552299418,0.0054728445173979,1.662466995511189,73.14687808625041,0.468776527218799,72904,500665,False,False
Myeloid cell,35,HLA-DPB1,350.7414005623298,0.0,0.0,2.767356220540835,0.6946789644579545,2.9902411987141155,85.87045978272798,37.72702305933109,72904,500665,False,False
Myeloid cell,36,HLA-DMA,347.078131010437,0.0,0.0,1.5772185157494203,0.1954269344144051,1.9935038619341447,75.72972676396357,12.891654100046935,72904,500665,False,False
Myeloid cell,37,CSTA,341.91842106752875,0.0,0.0,1.217254083239753,0.00419579918947,1.7500731707086186,70.69296609239548,0.331559026494762,72904,500665,False,False
Myeloid cell,38,NEAT1,341.2671825412772,0.0,0.0,2.665613547357135,0.9499655722108052,2.475156825654802,92.47366399648853,53.39678227956818,72904,500665,False,False
Myeloid cell,39,COTL1,338.83614862202575,0.0,0.0,2.049824763754292,0.7463831478715528,1.880468755322325,88.56167014155602,45.82804869523534,72904,500665,False,False
Myeloid cell,40,HLA-DQB1,327.6931660042512,0.0,0.0,1.88479149543704,0.2831309514614757,2.3107077239810656,77.52523867003183,16.385407408147167,72904,500665,False,False
Myeloid cell,41,APLP2,325.7728305233745,0.0,0.0,1.222594857913281,0.1472853204248336,1.551343737155188,73.85465818062109,11.4252044780442,72904,500665,False,False
Myeloid cell,42,PYCARD,324.3174008818386,0.0,0.0,1.3961965165340435,0.3633544256499565,1.4900761625398604,80.71299242839899,26.74063495550917,72904,500665,False,False
Myeloid cell,43,LGALS1,319.7843185919978,0.0,0.0,2.1710969573007715,0.7968246822734535,1.9826557960131053,86.7867332382311,40.741813388193705,72904,500665,False,False
Myeloid cell,44,CEBPD,319.1179317421854,0.0,0.0,1.4612050199077362,0.1054621693073244,1.9559234872818807,70.03182267090969,6.96034274415028,72904,500665,False,False
Myeloid cell,45,RAB31,316.38280136415773,0.0,0.0,0.9446110685450864,0.0131538487922167,1.343808711737687,65.83589377811917,1.0488050892313223,72904,500665,False,False
Myeloid cell,46,CTSH,316.282500570023,0.0,0.0,1.0759479271745618,0.1054519740776524,1.4001296987357192,69.21705256227368,8.144567724925848,72904,500665,False,False
Myeloid cell,47,TSPO,314.79154499178657,0.0,0.0,1.9282083749615484,0.812371078361198,1.609812934244273,88.34357511247669,53.39778095133473,72904,500665,False,False
Myeloid cell,48,S100A9,313.8291726353792,0.0,0.0,2.633254042888703,0.0805390389885712,3.6827892769295705,68.953692527159,6.184574515893861,72904,500665,False,False
Myeloid cell,49,MEF2C,313.0665077938565,0.0,0.0,1.0719261226767007,0.0878872317575219,1.4196680279709748,69.19236255898169,5.025316329282055,72904,500665,False,False
Myeloid cell,50,CFD,311.7124759946726,0.0,0.0,1.2390933426829407,0.0349826306447977,1.7371645529387074,66.38318885109184,2.826840302397811,72904,500665,False,False
Innate lymphoid cell,1,NKG7,711.4340394531475,0.0,0.0,4.045937566225755,0.7996802218385282,4.683359372196827,97.94887187953374,30.16823747027217,39978,533591,False,False
Innate lymphoid cell,2,GNLY,545.9402181338454,0.0,0.0,4.152692274696563,0.3486612790746048,5.488056652771706,92.80354194807144,13.107230069472688,39978,533591,False,False
Innate lymphoid cell,3,CTSW,468.4262899859591,0.0,0.0,2.6180853829276725,0.622978130684313,2.878331338853101,95.42498374105756,35.250781965962695,39978,533591,False,False
Innate lymphoid cell,4,TYROBP,458.31261623267295,0.0,0.0,2.6017404762995024,0.5552417922152869,2.952473502714088,94.47446095352444,19.220526583094543,39978,533591,False,False
Innate lymphoid cell,5,KLRD1,450.2098845130312,0.0,0.0,2.2345019233170267,0.1844303586823964,2.957628079765859,90.76742208214516,9.86054862244678,39978,533591,False,False
Innate lymphoid cell,6,CST7,359.62285783382566,0.0,0.0,2.579079796631087,0.7403061099585339,2.6527896790796093,92.22072139676824,36.38273509110911,39978,533591,False,False
Innate lymphoid cell,7,PRF1,352.65954586742515,0.0,0.0,2.323799951309629,0.3479677456632024,2.850523324714803,87.51063084696582,21.005601668693814,39978,533591,False,False
Innate lymphoid cell,8,HOPX,320.787410372974,0.0,0.0,1.9411413247906533,0.3322562650546921,2.3211304970414157,85.04677572664966,20.34198477860384,39978,533591,False,False
Innate lymphoid cell,9,GZMA,295.65252442521296,0.0,0.0,2.4766561902741904,0.8293024241381415,2.376629108994235,88.63124718595228,37.10538596040788,39978,533591,False,False
Innate lymphoid cell,10,IFITM2,290.44740482360265,0.0,0.0,2.684919107098839,1.3955869067661084,1.860113171478486,95.48001400770424,72.93694983611043,39978,533591,False,False
Innate lymphoid cell,11,KLRF1,287.9614255117908,0.0,0.0,1.5106796681028265,0.037766702927559,2.1249642305194167,73.27780279153534,2.5952461716933004,39978,533591,False,False
Innate lymphoid cell,12,GZMB,283.53838959967845,0.0,0.0,2.0570417007773463,0.1469327237469845,2.755704748719194,74.8261543849117,7.033664360905638,39978,533591,False,False
Innate lymphoid cell,13,CD7,272.8910832254519,0.0,0.0,2.2135112522659632,0.7709866964566777,2.0811230230266107,87.94086747711242,46.48223077225816,39978,533591,False,False
Innate lymphoid cell,14,TRDC,248.64375198911253,0.0,0.0,1.4807851482305958,0.0739754728843327,2.0295973420966664,68.87288008404623,3.756247762799597,39978,533591,False,False
Innate lymphoid cell,15,FCER1G,241.7964051749963,0.0,0.0,1.8152020036728105,0.4112326890523992,2.0254995677631444,76.65466006303467,16.70043160398133,39978,533591,False,False
Innate lymphoid cell,16,FGFBP2,234.13096260258675,0.0,0.0,1.885353095545347,0.1525852387853999,2.4998555939593734,65.8662264245335,7.338766958213314,39978,533591,False,False
Innate lymphoid cell,17,SRGN,231.8626176723739,0.0,0.0,2.398009226895594,1.342861824488205,1.5222559248600116,92.9911451298214,67.49120581119247,39978,533591,False,False
Innate lymphoid cell,18,ID2,226.76914065173116,0.0,0.0,1.737397477868484,0.5110025378396581,1.769313898150905,78.51318225023763,32.04832915097893,39978,533591,False,False
Innate lymphoid cell,19,CD247,223.51325356558075,0.0,0.0,1.8616305284999828,0.6550382428050303,1.7407447069469872,80.95452498874381,43.2143720565002,39978,533591,False,False
Innate lymphoid cell,20,FCGR3A,221.80202405372253,0.0,0.0,1.4637318673795037,0.1539637506256883,1.8895959667552065,65.1858522187203,8.85397242457238,39978,533591,False,False
Innate lymphoid cell,21,HCST,220.63378846080207,0.0,0.0,2.5805307809054545,1.6450295981649214,1.349642917085527,95.024763619991,79.53095160900389,39978,533591,False,False
Innate lymphoid cell,22,KLRB1,215.7840869550864,0.0,0.0,1.9480838683360169,0.6071696753385388,1.934530256495088,77.8728300565311,27.648704719532372,39978,533591,False,False
Innate lymphoid cell,23,CLIC3,208.30035710815403,0.0,0.0,1.3525923312945405,0.1596387251776965,1.7210682515553763,63.957676722197206,10.856817300141868,39978,533591,False,False
Innate lymphoid cell,24,B2M,205.15387521784456,0.0,0.0,5.221319047666462,4.817986594164638,0.5818857304966604,99.99499724848668,99.98238351096629,39978,533591,False,False
Innate lymphoid cell,25,SPON2,201.86043893975727,0.0,0.0,1.423486251927386,0.0993988507420975,1.9102543273935717,58.614738105958274,6.9403344509184,39978,533591,False,False
Innate lymphoid cell,26,PLAC8,199.32752308816137,0.0,0.0,1.5183097914784591,0.4872472988306992,1.4875087449895366,74.24333383360849,33.00542925199263,39978,533591,False,False
Innate lymphoid cell,27,MATK,196.91523356498075,0.0,0.0,1.1868952435200455,0.2332125488182623,1.375873294227886,64.86317474611036,16.276698819882643,39978,533591,False,False
Innate lymphoid cell,28,IL2RB,195.29955449274252,0.0,0.0,1.1520352688602096,0.1734181143824033,1.411846115694,61.8590224623543,12.899580390223973,39978,533591,False,False
Innate lymphoid cell,29,HLA-C,193.7178151250536,0.0,0.0,3.7203656222533006,3.0865521240875653,0.9143995906521925,99.45470008504678,98.30394440685843,39978,533591,False,False
Innate lymphoid cell,30,GZMH,191.1317129675422,0.0,0.0,1.570861224918559,0.293542818315467,1.8427809308424727,63.27730251638401,13.252472399272104,39978,533591,False,False
Innate lymphoid cell,31,CD63,190.88300607045483,0.0,0.0,1.5063642905665262,0.5570944513815573,1.3695068894576183,74.93871629396168,37.37150739049197,39978,533591,False,False
Innate lymphoid cell,32,CCL5,188.12320071486823,0.0,0.0,2.821865563133867,1.3076942036901458,2.184487511325557,80.75691630396719,45.26182038302745,39978,533591,False,False
Innate lymphoid cell,33,EFHD2,186.3961826138819,0.0,0.0,1.372947120799616,0.3715641628730368,1.4446902274313973,67.05187853319326,26.120755410042523,39978,533591,False,False
Innate lymphoid cell,34,ITGB2,179.2450923271123,0.0,0.0,1.9899116896659603,1.080504924743123,1.3119966299050527,85.75466506578618,62.216004392877686,39978,533591,False,False
Innate lymphoid cell,35,CCL4,169.49151484535233,0.0,0.0,1.5274113477786546,0.3395830071909064,1.7136740563933108,62.98714292861074,17.163707783677008,39978,533591,False,False
Innate lymphoid cell,36,CMC1,167.68137734617474,0.0,0.0,1.3678982238542376,0.3369699709734756,1.4873150779433986,61.73145229876432,21.46438002140216,39978,533591,False,False
Innate lymphoid cell,37,HLA-A,166.544153176986,0.0,0.0,3.560641510135031,3.0121624232976,0.7912880586116688,99.18955425484016,97.58429208888457,39978,533591,False,False
Innate lymphoid cell,38,PFN1,160.22825125547556,0.0,0.0,3.2143287140273964,2.5941899988132646,0.8946710491026811,98.35409475211368,94.89965160581794,39978,533591,False,False
Innate lymphoid cell,39,GZMM,159.27309337961722,0.0,0.0,1.5648821720112278,0.7168328614824434,1.2234765347291818,73.73055180349192,43.57869604247448,39978,533591,False,False
Innate lymphoid cell,40,PLEK,158.84281454737777,0.0,0.0,1.1375398928729872,0.3295109804819233,1.1657393048014904,60.75841712942118,21.606998618792296,39978,533591,False,False
Innate lymphoid cell,41,XCL2,157.3710605402139,0.0,0.0,0.9859381070320326,0.0809257309608844,1.3056568669009831,47.05588073440392,5.275951056145999,39978,533591,False,False
Innate lymphoid cell,42,HLA-B,156.68969809227383,0.0,0.0,3.972627993060192,3.5142038522859864,0.6613662345187304,99.6373005152834,99.1542211169229,39978,533591,False,False
Innate lymphoid cell,43,SH2D1B,154.15259313078454,0.0,0.0,0.6701038320073026,0.0059228327719846,0.9582106338494696,40.54479963980189,0.5200612454108109,39978,533591,False,False
Innate lymphoid cell,44,UBB,152.59232608789918,0.0,0.0,2.034815068860941,1.3219077154668677,1.0285079033549056,88.43363850117565,74.9163685294542,39978,533591,False,False
Innate lymphoid cell,45,APMAP,152.46276428679917,0.0,0.0,0.9967698939860392,0.2863000554355259,1.024991312778008,57.976887288008406,21.88249052176667,39978,533591,False,False
Innate lymphoid cell,46,IGFBP7,148.96036080528938,0.0,0.0,0.7078473970610258,0.0259363335106823,0.9837897097113992,40.34719095502526,2.7050681139674397,39978,533591,False,False
Innate lymphoid cell,47,RAP1B,148.1170980137843,0.0,0.0,1.5840675218230351,0.8490919202707304,1.060345655533893,77.26499574766122,56.273437895316825,39978,533591,False,False
Innate lymphoid cell,48,GSTP1,147.13750246538768,0.0,0.0,1.5349738313292252,0.8129520402642549,1.0416572573832,77.1324228325579,50.24222672421386,39978,533591,False,False
Innate lymphoid cell,49,CYBA,146.37164770884806,0.0,0.0,2.5209634831634755,1.7905022122330314,1.0538328531328012,91.95057281504828,82.86346658770482,39978,533591,False,False
Innate lymphoid cell,50,ADGRG1,145.07863962188614,0.0,0.0,0.715741996448292,0.054072112955209,0.9545878596210488,41.18515183350844,3.667790498715308,39978,533591,False,False
T cell,1,CD3D,945.7819825027312,0.0,0.0,1.7244812730683168,0.1000013575977165,2.343629118073157,85.67935318477618,6.339540039569506,431035,142534,False,False
T cell,2,CD3E,800.5472357060933,0.0,0.0,2.0281186249231613,0.2506761971705488,2.564307375984334,90.29197164963402,13.676736778593176,431035,142534,False,False
T cell,3,IL7R,766.7028247267042,0.0,0.0,1.9300519312735511,0.1476734113717946,2.571428651649275,78.14910622107254,8.506742250971698,431035,142534,False,False
T cell,4,CD3G,736.1082235718794,0.0,0.0,1.27447722834765,0.0660739005320505,1.743357488433286,71.94380966742841,4.168128306228689,431035,142534,False,False
T cell,5,IL32,701.1569802880238,0.0,0.0,2.7877524540377303,0.5172217554175635,3.2756833790854687,95.10503787395456,21.51065710637462,431035,142534,False,False
T cell,6,TRAC,637.7450625294072,0.0,0.0,1.3727019182496034,0.1121779821004695,1.818551631604192,68.33946199264561,8.239437607868998,431035,142534,False,False
T cell,7,CD27,422.8587009845587,0.0,0.0,0.8009316215049419,0.0964220064696163,1.016392527870057,50.71977913626504,6.5058161561452,431035,142534,False,False
T cell,8,CAMK4,418.9991431472328,0.0,0.0,0.5103330094532842,0.0173850437320007,0.7111735855623985,35.8994049207141,1.5434913774958958,431035,142534,False,False
T cell,9,LDHB,416.5488914335294,0.0,0.0,1.763059282614784,0.7017268306961696,1.531179065117509,81.91237370515155,49.729187421948446,431035,142534,False,False
T cell,10,TCF7,416.2478365471077,0.0,0.0,0.8734548041271709,0.1331237579750522,1.0680719288998,53.41445590265291,9.75276074480475,431035,142534,False,False
T cell,11,CD2,412.9379888505932,0.0,0.0,1.333493211066764,0.3302113836603026,1.4474297170133186,72.68249678100386,19.130172450082085,431035,142534,False,False
T cell,12,MAL,408.8059989078833,0.0,0.0,0.496218211242684,0.0099758249938814,0.7014994793111633,32.884568538517755,0.8762821502238063,431035,142534,False,False
T cell,13,AQP3,408.5776551661316,0.0,0.0,0.5710103598002563,0.0297539758835769,0.7808679009260862,37.41877109747468,2.4534497032287037,431035,142534,False,False
T cell,14,FLT3LG,407.6508902014008,0.0,0.0,0.7311594010648717,0.0934387369160524,0.9200364396399175,47.04954354054775,7.968625029817447,431035,142534,False,False
T cell,15,LCK,405.1380854522303,0.0,0.0,1.22856846021814,0.3175685393708056,1.3142950680566876,72.16490540211352,19.18208988732513,431035,142534,False,False
T cell,16,BCL11B,393.7747281263512,0.0,0.0,0.6971352350311927,0.0861566180175959,0.8814558208547134,45.64316122820652,6.158530596208624,431035,142534,False,False
T cell,17,SPOCK2,391.7417970599092,0.0,0.0,0.8467268801749579,0.1509041381815568,1.0038600192116405,54.39511872585753,10.556779435082156,431035,142534,False,False
T cell,18,TRAT1,390.32203310928986,0.0,0.0,0.4528523494914057,0.0130700356843876,0.6344717632000589,32.102729476724626,1.0664122244517098,431035,142534,False,False
T cell,19,TRBC2,381.1735861323606,0.0,0.0,1.4586582839217974,0.4583096797349525,1.4431979704205575,73.32026401568318,27.76600670717162,431035,142534,False,False
T cell,20,RPS3,380.3177256350969,0.0,0.0,4.264350394276725,3.5251334128897613,1.0664646731878822,99.98538401753918,98.20323571919684,431035,142534,False,True
T cell,21,LTB,375.0951090341205,0.0,0.0,2.05760289310175,0.7349190973363718,1.9082293528149012,80.57744730706324,35.683415886735794,431035,142534,False,False
T cell,22,LAT,362.6115699732015,0.0,0.0,0.8504319521033586,0.1822349343685747,0.9640045238227676,55.37601354878375,12.696619753883285,431035,142534,False,False
T cell,23,LEF1,355.5329865648455,0.0,0.0,0.4631482169652764,0.0276923398838862,0.6282300343912757,31.55428213486144,2.1931609300237134,431035,142534,False,False
T cell,24,INPP4B,351.95177804588866,0.0,0.0,0.4542495288819303,0.0289256087886314,0.613612710290056,31.76168988597214,2.2184180616554645,431035,142534,False,False
T cell,25,RPS12,344.9426494256313,0.0,0.0,4.6308828617733,3.9518685449164894,0.9796105876219272,99.97912002505596,98.66979106739444,431035,142534,False,True
T cell,26,RPS15A,342.8211812501577,0.0,0.0,4.344751854240968,3.679612331347856,0.9595934911771437,99.97192803368635,98.4663308403609,431035,142534,False,True
T cell,27,NOSIP,339.7856927066213,0.0,0.0,1.0721596736295949,0.3459985157539952,1.0476291013533152,60.94447086663496,29.27792667012783,431035,142534,False,False
T cell,28,CD6,337.6276390233453,0.0,0.0,0.4924408706535901,0.0528008254600046,0.6342665129769856,34.88046214344543,4.179353698065023,431035,142534,False,False
T cell,29,RPL30,336.3369559157781,0.0,0.0,4.390035270375856,3.7803724113153097,0.8795575833808373,99.8536081756702,99.07180041253316,431035,142534,False,True
T cell,30,CD5,335.8611028099637,0.0,0.0,0.3705612993110343,0.0166429279141549,0.5105962792937762,26.892015729581125,1.600319923667335,431035,142534,False,False
T cell,31,RPL14,332.91822040698446,0.0,0.0,3.699863043773011,3.045670129838953,0.9438008727173658,99.74828030206363,97.32905832994231,431035,142534,False,True
T cell,32,ITM2A,328.5167751388871,0.0,0.0,0.7268553744397942,0.1473493759749616,0.8360504301506213,46.91243170508195,10.307014466723729,431035,142534,False,False
T cell,33,RPS27,325.4575402277972,0.0,0.0,4.896347602102395,4.197164812619693,1.008707543061606,99.9972160033408,98.9791909298834,431035,142534,False,True
T cell,34,LEPROTL1,324.5901117751914,0.0,0.0,1.0167548044252797,0.3456429635597674,0.9682097246985376,62.25109329868804,29.071660095135197,431035,142534,False,False
T cell,35,GIMAP7,324.11361644678203,0.0,0.0,1.4598074692864662,0.5856871652541846,1.2610890277677256,75.59130929042885,36.38359970252712,431035,142534,False,False
T cell,36,RPS25,319.4824305654002,0.0,0.0,3.796184329478745,3.151403589218101,0.930221976434745,99.88933613279664,97.645474062329,431035,142534,False,True
T cell,37,SIT1,314.39117777503645,0.0,0.0,0.5107054849627161,0.0729059717155505,0.6316111866652878,35.38111754265895,5.790899013568692,431035,142534,False,False
T cell,38,CD40LG,311.6748850718059,0.0,0.0,0.2984478813139166,0.0060061691615327,0.421904207871322,21.81562982124421,0.5135616765122707,431035,142534,False,False
T cell,39,LIME1,311.41271633298635,0.0,0.0,0.7632233321201194,0.1708586753895037,0.8546015526631524,45.9728328326006,11.485680609538775,431035,142534,False,False
T cell,40,RCAN3,306.54601877246665,0.0,0.0,0.4944656338301586,0.0815444475582699,0.5957193477124418,35.269989676012386,7.948980594103864,431035,142534,False,False
T cell,41,TC2N,306.098062806897,0.0,0.0,0.6032781328867395,0.1107209309003166,0.7106098326599557,40.77673506791792,7.404549090041675,431035,142534,False,False
T cell,42,CD8B,302.42817257042134,0.0,0.0,0.4529778734505854,0.0204540161284496,0.6240000240248108,22.893964527242566,1.421415241275766,431035,142534,False,False
T cell,43,RPS27A,300.5754883775782,0.0,0.0,4.287285839233891,3.7470309461905873,0.7794230550095717,99.98654401614718,98.75468309315671,431035,142534,False,True
T cell,44,LINC00861,294.6024839575356,0.0,0.0,0.7470518590953831,0.1855926851335768,0.8100143659363117,48.11256626492048,11.824547125598103,431035,142534,False,False
T cell,45,C12orf57,293.13880075871634,0.0,0.0,1.4156845705848249,0.6625167085515995,1.0865915395122774,75.92028489565813,45.60245274811624,431035,142534,False,False
T cell,46,RPL36,287.3888981311813,0.0,0.0,3.6755359837416206,3.085090903879426,0.8518321886344761,99.82344821186214,97.36904878835928,431035,142534,False,True
T cell,47,THEMIS,287.3040941289491,0.0,0.0,0.2626392209456213,0.0073609132388566,0.3682887485750764,19.69468836637396,0.6251140078858378,431035,142534,False,False
T cell,48,SARAF,284.14362181892744,0.0,0.0,2.126277799128604,1.3745632798652527,1.0844948091054682,91.39884232138922,77.08336256612456,431035,142534,False,False
T cell,49,OXNAD1,282.41964249210565,0.0,0.0,0.4209651265845039,0.0623495305878338,0.5173729419298361,30.774763070284315,5.146842156959042,431035,142534,False,False
T cell,50,RPL32,281.6993531586579,0.0,0.0,4.361730931481371,3.833198741383185,0.7625107696048357,99.98399201920958,98.62559108703888,431035,142534,False,True
pDC,1,CD74,244.13281368575213,0.0,0.0,4.617601460075488,1.687584669689762,4.227120693210884,99.83530057644798,66.44511743629874,3643,569926,False,False
pDC,2,IRF8,239.52109264957423,0.0,0.0,2.74476588754263,0.079866103421414,3.844637703017749,97.61185835849574,6.3025726146903285,3643,569926,False,False
pDC,3,GZMB,233.6304582980177,0.0,0.0,3.224476966492063,0.2612472891596862,4.275036760502423,97.52950864671972,11.21057821541744,3643,569926,False,False
pDC,4,HLA-DRA,226.30411059220827,0.0,0.0,3.2693761978672184,0.8210000261555246,3.532260161159166,98.7098545155092,29.09816362124206,3643,569926,False,False
pDC,5,JCHAIN,211.5864907324249,0.0,0.0,2.863728459712301,0.0590974394383358,4.046227264472604,96.45896239363162,3.1412850089309843,3643,569926,False,False
pDC,6,TCF4,210.93536962789,0.0,0.0,2.572632899928585,0.0793618651495724,3.597029757467776,96.92561076036232,6.397146296185821,3643,569926,False,False
pDC,7,IRF7,207.09561279890232,0.0,0.0,2.8463490747878115,0.2073163748553962,3.807319388936308,97.33735931924238,16.25807560981601,3643,569926,False,False
pDC,8,CCDC50,194.55812071996425,0.0,0.0,2.4750749704505037,0.1002501336079493,3.4261480150926946,95.93741421905024,8.609187859476492,3643,569926,False,False
pDC,9,ITM2C,191.19213588113223,0.0,0.0,2.4462277610873886,0.1661174554796388,3.28950383058012,95.9923140269009,12.578650561651864,3643,569926,False,False
pDC,10,PLAC8,186.7207363924344,0.0,0.0,2.663830207890056,0.5456593116066892,3.055874647823344,97.14520999176504,35.48811600102469,3643,569926,False,False
pDC,11,SERPINF1,185.43854725226345,0.0,0.0,2.261315956847556,0.0232006736300066,3.228917820035756,95.0864671973648,2.30696616753754,3643,569926,False,False
pDC,12,LILRA4,179.2194780570989,0.0,0.0,2.348934913870467,0.0042946017992527,3.3826009508934924,95.22371671699148,0.3649596614297294,3643,569926,False,False
pDC,13,NPC2,178.04101349748538,0.0,0.0,2.6096506765525467,0.5233781178014604,3.009855074452921,97.03541037606368,32.72495025669999,3643,569926,False,False
pDC,14,UGCG,168.4113645299617,0.0,0.0,2.2483164791267045,0.1110932066420726,3.0833614164860603,94.18062036782872,9.514217635271947,3643,569926,False,False
pDC,15,PLD4,167.82603942048806,0.0,0.0,2.464281415296006,0.0633381067503065,3.463829004694422,94.53746911885808,4.836592820822353,3643,569926,False,False
pDC,16,TYROBP,160.34881679418186,0.0,0.0,2.5934653624895567,0.6857669409640887,2.752227052246496,96.62366181718365,24.004519885037706,3643,569926,False,False
pDC,17,HLA-DPA1,158.74279803429857,0.0,0.0,2.737213112255239,0.8845140697276904,2.6728797209142248,97.03541037606368,40.28856377845545,3643,569926,False,False
pDC,18,FCER1G,157.4829116789,0.0,0.0,2.476722653874049,0.4965127171929815,2.856839055568825,95.80016469942356,20.40036776704344,3643,569926,False,False
pDC,19,SEC61B,157.16763049839113,0.0,0.0,2.601548960484284,0.899150608034257,2.4560416606971955,96.81581114466098,58.88764506269235,3643,569926,False,False
pDC,20,CST3,153.37663418139186,0.0,0.0,2.726494671741753,0.5147850806558527,3.1908224589461853,94.81196815811144,17.575615079852472,3643,569926,False,False
pDC,21,ALOX5AP,146.91497474387472,0.0,0.0,2.4528008038561726,0.6274986172626962,2.63335441272219,95.47076585231952,39.66111389899741,3643,569926,False,False
pDC,22,IGKC,143.32114851267963,0.0,0.0,2.229056467374075,0.2445757258608713,2.863000524520752,93.4120230579193,12.19456561027221,3643,569926,False,False
pDC,23,BCL11A,142.04563002204952,0.0,0.0,1.903872254771312,0.0503753214000671,2.674030834077596,91.7375789184738,4.004905900064219,3643,569926,False,False
pDC,24,C12orf75,139.97511806292195,0.0,0.0,2.3012716201897274,0.4579480813658709,2.6593537282150725,93.54927257754598,30.428687233079383,3643,569926,False,False
pDC,25,HLA-DPB1,132.312735767545,0.0,0.0,2.5194631007917216,0.9481483167401848,2.2669280466266644,96.45896239363162,43.51003463607556,3643,569926,False,False
pDC,26,GRN,130.4037906078479,0.0,0.0,1.9653492872962175,0.2970287212622625,2.406877807230256,92.5885259401592,18.206574186824252,3643,569926,False,False
pDC,27,APP,126.96044978619628,0.0,0.0,1.9106605173653004,0.1081959834024284,2.600406644526472,90.2278342025803,9.33261511143552,3643,569926,False,False
pDC,28,MZB1,126.46570987858864,0.0,0.0,1.7487145037204406,0.0380479963527186,2.467970086794256,89.0200384298655,2.3696058786579317,3643,569926,False,False
pDC,29,HERPUD1,125.87859835226574,0.0,0.0,2.24280024240878,0.5686602898477925,2.415273407313821,94.29041998353006,37.2967718616101,3643,569926,False,False
pDC,30,SPCS1,122.8457903630418,0.0,0.0,2.275972210161492,0.8699990718932606,2.0283904742026704,95.38841614054353,58.81535497590915,3643,569926,False,False
pDC,31,HLA-DRB1,120.28954998640336,0.0,0.0,2.586043824899066,0.864278585616245,2.483982172288325,95.47076585231952,35.516014359758984,3643,569926,False,False
pDC,32,MPEG1,116.15438603963072,0.0,0.0,1.689378437148455,0.1202136304208768,2.263826285003366,87.59264342574801,8.218610837196408,3643,569926,False,False
pDC,33,SPIB,114.72733224160866,0.0,0.0,1.6220264840602483,0.0360986799745041,2.288010178162427,85.89074938237717,2.727020700933104,3643,569926,False,False
pDC,34,DERL3,114.37958742220718,0.0,0.0,1.606312175621418,0.0155039848926458,2.295051087769944,87.01619544331595,1.062418629787025,3643,569926,False,False
pDC,35,CLEC4C,113.66804150202884,0.0,0.0,1.4858872109890269,0.0016381238963627,2.1413187973925574,84.98490255284106,0.1656355386488772,3643,569926,False,False
pDC,36,IL3RA,111.7677276904838,0.0,0.0,1.592875875225228,0.0200221221734097,2.2691483095714524,84.43590447433435,1.88866624789885,3643,569926,False,False
pDC,37,CYB561A3,110.35177347773764,0.0,0.0,1.5643686384367674,0.1374275915130992,2.058640772037682,86.71424650013725,11.32339987998442,3643,569926,False,False
pDC,38,TPM2,109.87412949927796,0.0,0.0,1.7045162223728778,0.0123984947857539,2.4412098541902454,83.85945649190228,1.1031256689464948,3643,569926,False,False
pDC,39,PTPRE,109.84716798161432,0.0,0.0,1.6844700386677498,0.3049700326690818,1.9901978175605737,89.43178698874554,21.16906405392981,3643,569926,False,False
pDC,40,CLIC3,106.11439503296764,0.0,0.0,1.9032665702461355,0.2321742175499604,2.4108766501022427,86.85149601976393,14.095865077220552,3643,569926,False,False
pDC,41,TXN,105.80989007130393,0.0,0.0,2.2570129083709247,0.5901910968801939,2.404715561483236,92.31402690090584,41.79770707074252,3643,569926,False,False
pDC,42,PLEK,104.20943439262508,0.0,0.0,1.835102987724727,0.3765671038684409,2.104222486598065,88.80043919846281,23.92380765222152,3643,569926,False,False
pDC,43,RNASE6,103.68342363366612,0.0,0.0,1.5141862073994323,0.143204724375696,1.9779081867089412,85.23195168816909,9.984805044865473,3643,569926,False,False
pDC,44,VAMP8,102.58363446958607,0.0,0.0,2.1307114228745245,0.9159758538364772,1.7524929814426242,93.85122152072468,58.78078908489874,3643,569926,False,False
pDC,45,PPP1R14B,101.57348675920842,0.0,0.0,2.069334671827986,0.200326927703529,2.6964082038314228,85.94564919022784,16.707081270199993,3643,569926,False,False
pDC,46,HSP90B1,97.86809556224824,0.0,0.0,2.0857830119062912,0.8148648313993708,1.8335473563929587,93.24732363436728,52.73930299723122,3643,569926,False,False
pDC,47,TSPAN13,97.6588065522552,0.0,0.0,1.3346614640121344,0.0226660438584632,1.8928092863247328,79.96157013450454,1.609858121931619,3643,569926,False,False
pDC,48,PSAP,94.88823047210936,0.0,0.0,2.0247682335313684,0.7133045958451704,1.892042086396078,92.53362613230853,40.23469713611942,3643,569926,False,False
pDC,49,PLP2,94.06157809935802,0.0,0.0,1.93401724034556,0.7668175171846385,1.6839132523312323,91.79247872632446,48.89599702417507,3643,569926,False,False
pDC,50,ERP29,93.05918664108212,0.0,0.0,2.127322026067377,1.1056748576383209,1.473925303430851,94.72961844633544,67.90986900053691,3643,569926,False,False
